,All,Hard,Soft
"Total number of dependencies",1620,1438,182

"Dependencies for each module:",All,Hard,Soft
magento/module-asynchronous-operations,5,3,2
" -- magento/module-authorization",,1,0
" -- magento/module-backend",,1,0
" -- magento/module-ui",,1,0
" -- magento/module-admin-notification",,0,1
" -- magento/module-logging",,0,1

magento/module-catalog,28,25,3
" -- magento/module-authorization",,1,0
" -- magento/module-asynchronous-operations",,1,0
" -- magento/module-backend",,1,0
" -- magento/module-catalog-inventory",,1,0
" -- magento/module-catalog-rule",,1,0
" -- magento/module-catalog-url-rewrite",,1,0
" -- magento/module-checkout",,1,0
" -- magento/module-cms",,1,0
" -- magento/module-config",,1,0
" -- magento/module-customer",,1,0
" -- magento/module-directory",,1,0
" -- magento/module-eav",,1,0
" -- magento/module-indexer",,1,0
" -- magento/module-media-storage",,1,0
" -- magento/module-msrp",,1,0
" -- magento/module-page-cache",,1,0
" -- magento/module-product-alert",,1,0
" -- magento/module-quote",,1,0
" -- magento/module-store",,1,0
" -- magento/module-tax",,1,0
" -- magento/module-theme",,1,0
" -- magento/module-ui",,1,0
" -- magento/module-url-rewrite",,1,0
" -- magento/module-widget",,1,0
" -- magento/module-wishlist",,1,0
" -- magento/module-cookie",,0,1
" -- magento/module-sales",,0,1
" -- magento/module-catalog-sample-data",,0,1

magento/module-backend,18,17,1
" -- magento/module-backup",,1,0
" -- magento/module-catalog",,1,0
" -- magento/module-config",,1,0
" -- magento/module-cms",,1,0
" -- magento/module-customer",,1,0
" -- magento/module-developer",,1,0
" -- magento/module-directory",,1,0
" -- magento/module-eav",,1,0
" -- magento/module-quote",,1,0
" -- magento/module-reports",,1,0
" -- magento/module-require-js",,1,0
" -- magento/module-sales",,1,0
" -- magento/module-security",,1,0
" -- magento/module-store",,1,0
" -- magento/module-translation",,1,0
" -- magento/module-ui",,1,0
" -- magento/module-user",,1,0
" -- magento/module-theme",,0,1

magento/module-authorization,1,1,0
" -- magento/module-backend",,1,0

magento/module-captcha,5,5,0
" -- magento/module-backend",,1,0
" -- magento/module-checkout",,1,0
" -- magento/module-customer",,1,0
" -- magento/module-store",,1,0
" -- magento/module-authorization",,1,0

magento/module-checkout,21,20,1
" -- magento/module-captcha",,1,0
" -- magento/module-catalog",,1,0
" -- magento/module-catalog-inventory",,1,0
" -- magento/module-config",,1,0
" -- magento/module-customer",,1,0
" -- magento/module-directory",,1,0
" -- magento/module-eav",,1,0
" -- magento/module-msrp",,1,0
" -- magento/module-page-cache",,1,0
" -- magento/module-payment",,1,0
" -- magento/module-quote",,1,0
" -- magento/module-sales",,1,0
" -- magento/module-sales-rule",,1,0
" -- magento/module-security",,1,0
" -- magento/module-shipping",,1,0
" -- magento/module-store",,1,0
" -- magento/module-tax",,1,0
" -- magento/module-theme",,1,0
" -- magento/module-ui",,1,0
" -- magento/module-authorization",,1,0
" -- magento/module-cookie",,0,1

magento/module-bundle,18,15,3
" -- magento/module-backend",,1,0
" -- magento/module-catalog",,1,0
" -- magento/module-catalog-inventory",,1,0
" -- magento/module-catalog-rule",,1,0
" -- magento/module-checkout",,1,0
" -- magento/module-config",,1,0
" -- magento/module-customer",,1,0
" -- magento/module-eav",,1,0
" -- magento/module-gift-message",,1,0
" -- magento/module-media-storage",,1,0
" -- magento/module-quote",,1,0
" -- magento/module-sales",,1,0
" -- magento/module-store",,1,0
" -- magento/module-tax",,1,0
" -- magento/module-ui",,1,0
" -- magento/module-webapi",,0,1
" -- magento/module-bundle-sample-data",,0,1
" -- magento/module-sales-rule",,0,1

magento/module-sales,25,24,1
" -- magento/module-authorization",,1,0
" -- magento/module-backend",,1,0
" -- magento/module-catalog",,1,0
" -- magento/module-bundle",,1,0
" -- magento/module-catalog-inventory",,1,0
" -- magento/module-checkout",,1,0
" -- magento/module-config",,1,0
" -- magento/module-customer",,1,0
" -- magento/module-directory",,1,0
" -- magento/module-eav",,1,0
" -- magento/module-gift-message",,1,0
" -- magento/module-media-storage",,1,0
" -- magento/module-payment",,1,0
" -- magento/module-quote",,1,0
" -- magento/module-reports",,1,0
" -- magento/module-sales-rule",,1,0
" -- magento/module-sales-sequence",,1,0
" -- magento/module-shipping",,1,0
" -- magento/module-store",,1,0
" -- magento/module-tax",,1,0
" -- magento/module-theme",,1,0
" -- magento/module-ui",,1,0
" -- magento/module-widget",,1,0
" -- magento/module-wishlist",,1,0
" -- magento/module-sales-sample-data",,0,1

magento/module-customer,21,18,3
" -- magento/module-authorization",,1,0
" -- magento/module-backend",,1,0
" -- magento/module-catalog",,1,0
" -- magento/module-checkout",,1,0
" -- magento/module-config",,1,0
" -- magento/module-directory",,1,0
" -- magento/module-eav",,1,0
" -- magento/module-integration",,1,0
" -- magento/module-media-storage",,1,0
" -- magento/module-newsletter",,1,0
" -- magento/module-page-cache",,1,0
" -- magento/module-quote",,1,0
" -- magento/module-sales",,1,0
" -- magento/module-store",,1,0
" -- magento/module-tax",,1,0
" -- magento/module-theme",,1,0
" -- magento/module-ui",,1,0
" -- magento/module-wishlist",,1,0
" -- magento/module-cookie",,0,1
" -- magento/module-customer-sample-data",,0,1
" -- magento/module-webapi",,0,1

magento/module-integration,7,7,0
" -- magento/module-authorization",,1,0
" -- magento/module-backend",,1,0
" -- magento/module-customer",,1,0
" -- magento/module-security",,1,0
" -- magento/module-store",,1,0
" -- magento/module-user",,1,0
" -- magento/module-ui",,1,0

magento/module-user,7,7,0
" -- magento/module-authorization",,1,0
" -- magento/module-backend",,1,0
" -- magento/module-email",,1,0
" -- magento/module-integration",,1,0
" -- magento/module-security",,1,0
" -- magento/module-store",,1,0
" -- magento/module-ui",,1,0

magento/module-deploy,4,4,0
" -- magento/module-config",,1,0
" -- magento/module-require-js",,1,0
" -- magento/module-store",,1,0
" -- magento/module-user",,1,0

magento/module-config,7,7,0
" -- magento/module-backend",,1,0
" -- magento/module-cron",,1,0
" -- magento/module-deploy",,1,0
" -- magento/module-directory",,1,0
" -- magento/module-email",,1,0
" -- magento/module-media-storage",,1,0
" -- magento/module-store",,1,0

magento/module-directory,3,3,0
" -- magento/module-backend",,1,0
" -- magento/module-config",,1,0
" -- magento/module-store",,1,0

magento/module-store,9,8,1
" -- magento/module-catalog",,1,0
" -- magento/module-config",,1,0
" -- magento/module-directory",,1,0
" -- magento/module-media-storage",,1,0
" -- magento/module-ui",,1,0
" -- magento/module-customer",,1,0
" -- magento/module-authorization",,1,0
" -- magento/module-backend",,1,0
" -- magento/module-deploy",,0,1

magento/module-cms,10,9,1
" -- magento/module-backend",,1,0
" -- magento/module-catalog",,1,0
" -- magento/module-email",,1,0
" -- magento/module-media-storage",,1,0
" -- magento/module-store",,1,0
" -- magento/module-theme",,1,0
" -- magento/module-ui",,1,0
" -- magento/module-variable",,1,0
" -- magento/module-widget",,1,0
" -- magento/module-cms-sample-data",,0,1

magento/module-theme,13,10,3
" -- magento/module-backend",,1,0
" -- magento/module-cms",,1,0
" -- magento/module-config",,1,0
" -- magento/module-customer",,1,0
" -- magento/module-eav",,1,0
" -- magento/module-media-storage",,1,0
" -- magento/module-require-js",,1,0
" -- magento/module-store",,1,0
" -- magento/module-ui",,1,0
" -- magento/module-widget",,1,0
" -- magento/module-theme-sample-data",,0,1
" -- magento/module-deploy",,0,1
" -- magento/module-directory",,0,1

magento/module-media-storage,7,7,0
" -- magento/module-backend",,1,0
" -- magento/module-config",,1,0
" -- magento/module-store",,1,0
" -- magento/module-catalog",,1,0
" -- magento/module-theme",,1,0
" -- magento/module-asynchronous-operations",,1,0
" -- magento/module-authorization",,1,0

magento/module-eav,5,5,0
" -- magento/module-backend",,1,0
" -- magento/module-catalog",,1,0
" -- magento/module-config",,1,0
" -- magento/module-media-storage",,1,0
" -- magento/module-store",,1,0

magento/module-ui,6,5,1
" -- magento/module-authorization",,1,0
" -- magento/module-backend",,1,0
" -- magento/module-eav",,1,0
" -- magento/module-store",,1,0
" -- magento/module-user",,1,0
" -- magento/module-config",,0,1

magento/module-catalog-inventory,7,7,0
" -- magento/module-catalog",,1,0
" -- magento/module-config",,1,0
" -- magento/module-customer",,1,0
" -- magento/module-eav",,1,0
" -- magento/module-quote",,1,0
" -- magento/module-store",,1,0
" -- magento/module-ui",,1,0

magento/module-variable,4,4,0
" -- magento/module-backend",,1,0
" -- magento/module-store",,1,0
" -- magento/module-config",,1,0
" -- magento/module-ui",,1,0

magento/module-widget,8,7,1
" -- magento/module-backend",,1,0
" -- magento/module-catalog",,1,0
" -- magento/module-cms",,1,0
" -- magento/module-store",,1,0
" -- magento/module-theme",,1,0
" -- magento/module-variable",,1,0
" -- magento/module-ui",,1,0
" -- magento/module-widget-sample-data",,0,1

magento/module-downloadable,17,16,1
" -- magento/module-backend",,1,0
" -- magento/module-catalog",,1,0
" -- magento/module-catalog-inventory",,1,0
" -- magento/module-checkout",,1,0
" -- magento/module-config",,1,0
" -- magento/module-customer",,1,0
" -- magento/module-directory",,1,0
" -- magento/module-eav",,1,0
" -- magento/module-gift-message",,1,0
" -- magento/module-media-storage",,1,0
" -- magento/module-quote",,1,0
" -- magento/module-sales",,1,0
" -- magento/module-store",,1,0
" -- magento/module-tax",,1,0
" -- magento/module-theme",,1,0
" -- magento/module-ui",,1,0
" -- magento/module-downloadable-sample-data",,0,1

magento/module-rss,3,3,0
" -- magento/module-backend",,1,0
" -- magento/module-customer",,1,0
" -- magento/module-store",,1,0

magento/module-email,10,9,1
" -- magento/module-backend",,1,0
" -- magento/module-cms",,1,0
" -- magento/module-config",,1,0
" -- magento/module-store",,1,0
" -- magento/module-theme",,1,0
" -- magento/module-require-js",,1,0
" -- magento/module-media-storage",,1,0
" -- magento/module-variable",,1,0
" -- magento/module-ui",,1,0
" -- magento/module-theme",,0,1

magento/module-wishlist,17,11,6
" -- magento/module-backend",,1,0
" -- magento/module-catalog",,1,0
" -- magento/module-catalog-inventory",,1,0
" -- magento/module-checkout",,1,0
" -- magento/module-customer",,1,0
" -- magento/module-rss",,1,0
" -- magento/module-sales",,1,0
" -- magento/module-store",,1,0
" -- magento/module-theme",,1,0
" -- magento/module-ui",,1,0
" -- magento/module-captcha",,1,0
" -- magento/module-configurable-product",,0,1
" -- magento/module-downloadable",,0,1
" -- magento/module-bundle",,0,1
" -- magento/module-cookie",,0,1
" -- magento/module-grouped-product",,0,1
" -- magento/module-wishlist-sample-data",,0,1

magento/module-newsletter,9,9,0
" -- magento/module-backend",,1,0
" -- magento/module-cms",,1,0
" -- magento/module-customer",,1,0
" -- magento/module-eav",,1,0
" -- magento/module-email",,1,0
" -- magento/module-require-js",,1,0
" -- magento/module-store",,1,0
" -- magento/module-widget",,1,0
" -- magento/module-ui",,1,0

magento/module-review,10,8,2
" -- magento/module-backend",,1,0
" -- magento/module-catalog",,1,0
" -- magento/module-customer",,1,0
" -- magento/module-eav",,1,0
" -- magento/module-newsletter",,1,0
" -- magento/module-store",,1,0
" -- magento/module-theme",,1,0
" -- magento/module-ui",,1,0
" -- magento/module-cookie",,0,1
" -- magento/module-review-sample-data",,0,1

magento/module-reports,17,17,0
" -- magento/module-backend",,1,0
" -- magento/module-catalog",,1,0
" -- magento/module-catalog-inventory",,1,0
" -- magento/module-cms",,1,0
" -- magento/module-config",,1,0
" -- magento/module-customer",,1,0
" -- magento/module-downloadable",,1,0
" -- magento/module-eav",,1,0
" -- magento/module-quote",,1,0
" -- magento/module-review",,1,0
" -- magento/module-sales",,1,0
" -- magento/module-sales-rule",,1,0
" -- magento/module-store",,1,0
" -- magento/module-tax",,1,0
" -- magento/module-widget",,1,0
" -- magento/module-wishlist",,1,0
" -- magento/module-directory",,1,0

magento/module-page-cache,3,3,0
" -- magento/module-backend",,1,0
" -- magento/module-config",,1,0
" -- magento/module-store",,1,0

magento/module-tax,15,14,1
" -- magento/module-backend",,1,0
" -- magento/module-catalog",,1,0
" -- magento/module-checkout",,1,0
" -- magento/module-config",,1,0
" -- magento/module-customer",,1,0
" -- magento/module-directory",,1,0
" -- magento/module-eav",,1,0
" -- magento/module-page-cache",,1,0
" -- magento/module-quote",,1,0
" -- magento/module-reports",,1,0
" -- magento/module-sales",,1,0
" -- magento/module-shipping",,1,0
" -- magento/module-store",,1,0
" -- magento/module-ui",,1,0
" -- magento/module-tax-sample-data",,0,1

magento/module-quote,15,14,1
" -- magento/module-authorization",,1,0
" -- magento/module-backend",,1,0
" -- magento/module-catalog",,1,0
" -- magento/module-catalog-inventory",,1,0
" -- magento/module-checkout",,1,0
" -- magento/module-customer",,1,0
" -- magento/module-directory",,1,0
" -- magento/module-eav",,1,0
" -- magento/module-payment",,1,0
" -- magento/module-sales",,1,0
" -- magento/module-sales-sequence",,1,0
" -- magento/module-shipping",,1,0
" -- magento/module-store",,1,0
" -- magento/module-tax",,1,0
" -- magento/module-webapi",,0,1

magento/module-inventory-sales-api,2,2,0
" -- magento/module-inventory-api",,1,0
" -- magento/module-sales",,1,0

magento/module-inventory,1,1,0
" -- magento/module-inventory-api",,1,0

magento/module-payment,7,7,0
" -- magento/module-checkout",,1,0
" -- magento/module-config",,1,0
" -- magento/module-directory",,1,0
" -- magento/module-quote",,1,0
" -- magento/module-sales",,1,0
" -- magento/module-store",,1,0
" -- magento/module-ui",,1,0

magento/module-indexer,1,1,0
" -- magento/module-backend",,1,0

magento/module-inventory-source-selection-api,4,4,0
" -- magento/module-inventory-api",,1,0
" -- magento/module-inventory-sales-api",,1,0
" -- magento/module-store",,1,0
" -- magento/module-sales",,1,0

magento/module-catalog-search,12,11,1
" -- magento/module-backend",,1,0
" -- magento/module-catalog",,1,0
" -- magento/module-indexer",,1,0
" -- magento/module-catalog-inventory",,1,0
" -- magento/module-customer",,1,0
" -- magento/module-directory",,1,0
" -- magento/module-eav",,1,0
" -- magento/module-search",,1,0
" -- magento/module-store",,1,0
" -- magento/module-theme",,1,0
" -- magento/module-ui",,1,0
" -- magento/module-config",,0,1

magento/module-webapi,6,4,2
" -- magento/module-authorization",,1,0
" -- magento/module-backend",,1,0
" -- magento/module-integration",,1,0
" -- magento/module-store",,1,0
" -- magento/module-user",,0,1
" -- magento/module-customer",,0,1

magento/module-graph-ql,3,2,1
" -- magento/module-eav",,1,0
" -- magento/module-webapi",,1,0
" -- magento/module-graph-ql-cache",,0,1

magento/module-import-export,6,6,0
" -- magento/module-backend",,1,0
" -- magento/module-catalog",,1,0
" -- magento/module-eav",,1,0
" -- magento/module-media-storage",,1,0
" -- magento/module-store",,1,0
" -- magento/module-ui",,1,0

magento/module-contact,4,4,0
" -- magento/module-cms",,1,0
" -- magento/module-config",,1,0
" -- magento/module-customer",,1,0
" -- magento/module-store",,1,0

magento/module-shipping,16,13,3
" -- magento/module-backend",,1,0
" -- magento/module-catalog",,1,0
" -- magento/module-catalog-inventory",,1,0
" -- magento/module-contact",,1,0
" -- magento/module-customer",,1,0
" -- magento/module-directory",,1,0
" -- magento/module-payment",,1,0
" -- magento/module-quote",,1,0
" -- magento/module-sales",,1,0
" -- magento/module-store",,1,0
" -- magento/module-tax",,1,0
" -- magento/module-ui",,1,0
" -- magento/module-user",,1,0
" -- magento/module-fedex",,0,1
" -- magento/module-ups",,0,1
" -- magento/module-config",,0,1

magento/module-inventory-source-deduction-api,3,3,0
" -- magento/module-inventory-api",,1,0
" -- magento/module-inventory-sales-api",,1,0
" -- magento/module-inventory-configuration-api",,1,0

magento/module-sales-inventory,4,4,0
" -- magento/module-catalog",,1,0
" -- magento/module-catalog-inventory",,1,0
" -- magento/module-sales",,1,0
" -- magento/module-store",,1,0

magento/module-inventory-sales,14,13,1
" -- magento/module-catalog-inventory",,1,0
" -- magento/module-catalog",,1,0
" -- magento/module-inventory",,1,0
" -- magento/module-inventory-api",,1,0
" -- magento/module-inventory-catalog-api",,1,0
" -- magento/module-inventory-configuration-api",,1,0
" -- magento/module-inventory-reservations-api",,1,0
" -- magento/module-inventory-sales-api",,1,0
" -- magento/module-inventory-source-deduction-api",,1,0
" -- magento/module-inventory-source-selection-api",,1,0
" -- magento/module-sales-inventory",,1,0
" -- magento/module-store",,1,0
" -- magento/module-sales",,1,0
" -- magento/module-inventory-catalog",,0,1

magento/module-search,5,5,0
" -- magento/module-backend",,1,0
" -- magento/module-catalog-search",,1,0
" -- magento/module-reports",,1,0
" -- magento/module-store",,1,0
" -- magento/module-ui",,1,0

magento/module-inventory-indexer,7,6,1
" -- magento/module-inventory-multi-dimensional-indexer-api",,1,0
" -- magento/module-inventory",,1,0
" -- magento/module-inventory-api",,1,0
" -- magento/module-inventory-catalog-api",,1,0
" -- magento/module-inventory-sales-api",,1,0
" -- magento/module-inventory-sales",,1,0
" -- magento/module-catalog",,0,1

magento/module-re-captcha-ui,1,1,0
" -- magento/module-re-captcha-validation-api",,1,0

magento/module-inventory-in-store-pickup-api,1,1,0
" -- magento/module-inventory-api",,1,0

magento/module-catalog-import-export,10,10,0
" -- magento/module-catalog",,1,0
" -- magento/module-catalog-inventory",,1,0
" -- magento/module-catalog-url-rewrite",,1,0
" -- magento/module-customer",,1,0
" -- magento/module-eav",,1,0
" -- magento/module-import-export",,1,0
" -- magento/module-media-storage",,1,0
" -- magento/module-store",,1,0
" -- magento/module-tax",,1,0
" -- magento/module-authorization",,1,0

magento/module-msrp,7,5,2
" -- magento/module-catalog",,1,0
" -- magento/module-downloadable",,1,0
" -- magento/module-eav",,1,0
" -- magento/module-store",,1,0
" -- magento/module-tax",,1,0
" -- magento/module-bundle",,0,1
" -- magento/module-msrp-sample-data",,0,1

magento/module-configurable-product,18,10,8
" -- magento/module-backend",,1,0
" -- magento/module-catalog",,1,0
" -- magento/module-catalog-inventory",,1,0
" -- magento/module-checkout",,1,0
" -- magento/module-customer",,1,0
" -- magento/module-eav",,1,0
" -- magento/module-media-storage",,1,0
" -- magento/module-quote",,1,0
" -- magento/module-store",,1,0
" -- magento/module-ui",,1,0
" -- magento/module-msrp",,0,1
" -- magento/module-webapi",,0,1
" -- magento/module-sales",,0,1
" -- magento/module-sales-rule",,0,1
" -- magento/module-product-video",,0,1
" -- magento/module-configurable-sample-data",,0,1
" -- magento/module-product-links-sample-data",,0,1
" -- magento/module-tax",,0,1

magento/module-media-content-api,1,1,0
" -- magento/module-media-gallery-api",,1,0

magento/module-inventory-in-store-pickup-shipping-api,3,3,0
" -- magento/module-quote",,1,0
" -- magento/module-shipping",,1,0
" -- magento/module-store",,1,0

magento/module-media-gallery-synchronization-api,1,1,0
" -- magento/module-media-gallery-api",,1,0

magento/module-rule,4,4,0
" -- magento/module-backend",,1,0
" -- magento/module-catalog",,1,0
" -- magento/module-eav",,1,0
" -- magento/module-store",,1,0

magento/module-gift-message,10,8,2
" -- magento/module-backend",,1,0
" -- magento/module-catalog",,1,0
" -- magento/module-checkout",,1,0
" -- magento/module-customer",,1,0
" -- magento/module-quote",,1,0
" -- magento/module-sales",,1,0
" -- magento/module-store",,1,0
" -- magento/module-ui",,1,0
" -- magento/module-eav",,0,1
" -- magento/module-multishipping",,0,1

magento/module-grouped-product,14,13,1
" -- magento/module-backend",,1,0
" -- magento/module-catalog",,1,0
" -- magento/module-catalog-inventory",,1,0
" -- magento/module-checkout",,1,0
" -- magento/module-customer",,1,0
" -- magento/module-eav",,1,0
" -- magento/module-media-storage",,1,0
" -- magento/module-msrp",,1,0
" -- magento/module-quote",,1,0
" -- magento/module-sales",,1,0
" -- magento/module-store",,1,0
" -- magento/module-ui",,1,0
" -- magento/module-wishlist",,1,0
" -- magento/module-grouped-product-sample-data",,0,1

magento/module-eav-graph-ql,2,1,1
" -- magento/module-eav",,1,0
" -- magento/module-graph-ql",,0,1

magento/module-customer-graph-ql,8,8,0
" -- magento/module-authorization",,1,0
" -- magento/module-customer",,1,0
" -- magento/module-eav",,1,0
" -- magento/module-graph-ql",,1,0
" -- magento/module-newsletter",,1,0
" -- magento/module-integration",,1,0
" -- magento/module-store",,1,0
" -- magento/module-directory",,1,0

magento/module-catalog-graph-ql,11,9,2
" -- magento/module-eav",,1,0
" -- magento/module-catalog",,1,0
" -- magento/module-catalog-inventory",,1,0
" -- magento/module-directory",,1,0
" -- magento/module-search",,1,0
" -- magento/module-store",,1,0
" -- magento/module-eav-graph-ql",,1,0
" -- magento/module-catalog-search",,1,0
" -- magento/module-graph-ql",,1,0
" -- magento/module-graph-ql-cache",,0,1
" -- magento/module-store-graph-ql",,0,1

magento/module-vault,7,7,0
" -- magento/module-checkout",,1,0
" -- magento/module-customer",,1,0
" -- magento/module-payment",,1,0
" -- magento/module-quote",,1,0
" -- magento/module-sales",,1,0
" -- magento/module-store",,1,0
" -- magento/module-theme",,1,0

magento/module-catalog-url-rewrite,9,8,1
" -- magento/module-backend",,1,0
" -- magento/module-catalog",,1,0
" -- magento/module-catalog-import-export",,1,0
" -- magento/module-eav",,1,0
" -- magento/module-import-export",,1,0
" -- magento/module-store",,1,0
" -- magento/module-ui",,1,0
" -- magento/module-url-rewrite",,1,0
" -- magento/module-webapi",,0,1

magento/module-quote-graph-ql,11,10,1
" -- magento/module-quote",,1,0
" -- magento/module-checkout",,1,0
" -- magento/module-catalog",,1,0
" -- magento/module-store",,1,0
" -- magento/module-customer",,1,0
" -- magento/module-customer-graph-ql",,1,0
" -- magento/module-sales",,1,0
" -- magento/module-directory",,1,0
" -- magento/module-graph-ql",,1,0
" -- magento/module-gift-message",,1,0
" -- magento/module-graph-ql-cache",,0,1

magento/module-analytics,4,4,0
" -- magento/module-backend",,1,0
" -- magento/module-config",,1,0
" -- magento/module-integration",,1,0
" -- magento/module-store",,1,0

magento/module-inventory-distance-based-source-selection-api,1,1,0
" -- magento/module-inventory-source-selection-api",,1,0

magento/module-advanced-search,7,7,0
" -- magento/module-backend",,1,0
" -- magento/module-catalog",,1,0
" -- magento/module-catalog-search",,1,0
" -- magento/module-config",,1,0
" -- magento/module-customer",,1,0
" -- magento/module-search",,1,0
" -- magento/module-store",,1,0

magento/module-catalog-rule,9,7,2
" -- magento/module-backend",,1,0
" -- magento/module-catalog",,1,0
" -- magento/module-customer",,1,0
" -- magento/module-eav",,1,0
" -- magento/module-rule",,1,0
" -- magento/module-store",,1,0
" -- magento/module-ui",,1,0
" -- magento/module-import-export",,0,1
" -- magento/module-catalog-rule-sample-data",,0,1

magento/module-inventory-configuration,5,5,0
" -- magento/module-catalog-inventory",,1,0
" -- magento/module-inventory-api",,1,0
" -- magento/module-inventory-catalog-api",,1,0
" -- magento/module-inventory-configuration-api",,1,0
" -- magento/module-store",,1,0

magento/module-media-gallery-ui-api,1,0,1
" -- magento/module-cms",,0,1

magento/module-url-rewrite,7,7,0
" -- magento/module-backend",,1,0
" -- magento/module-catalog",,1,0
" -- magento/module-catalog-url-rewrite",,1,0
" -- magento/module-cms",,1,0
" -- magento/module-cms-url-rewrite",,1,0
" -- magento/module-store",,1,0
" -- magento/module-ui",,1,0

magento/module-inventory-admin-ui,6,6,0
" -- magento/module-inventory",,1,0
" -- magento/module-inventory-api",,1,0
" -- magento/module-inventory-catalog-api",,1,0
" -- magento/module-backend",,1,0
" -- magento/module-directory",,1,0
" -- magento/module-ui",,1,0

magento/module-inventory-catalog-admin-ui,10,9,1
" -- magento/module-catalog",,1,0
" -- magento/module-catalog-inventory",,1,0
" -- magento/module-backend",,1,0
" -- magento/module-inventory-api",,1,0
" -- magento/module-ui",,1,0
" -- magento/module-inventory-catalog-api",,1,0
" -- magento/module-inventory-configuration-api",,1,0
" -- magento/module-inventory-indexer",,1,0
" -- magento/module-asynchronous-operations",,1,0
" -- magento/module-inventory-admin-ui",,0,1

magento/module-inventory-in-store-pickup,8,8,0
" -- magento/module-inventory-in-store-pickup-api",,1,0
" -- magento/module-inventory-distance-based-source-selection-api",,1,0
" -- magento/module-inventory-api",,1,0
" -- magento/module-inventory-source-selection-api",,1,0
" -- magento/module-inventory-sales-api",,1,0
" -- magento/module-inventory-catalog-api",,1,0
" -- magento/module-directory",,1,0
" -- magento/module-inventory",,1,0

magento/module-media-content-synchronization-api,1,1,0
" -- magento/module-media-content-api",,1,0

magento/module-cron,2,1,1
" -- magento/module-store",,1,0
" -- magento/module-config",,0,1

magento/module-adobe-ims,5,5,0
" -- magento/module-adobe-ims-api",,1,0
" -- magento/module-authorization",,1,0
" -- magento/module-backend",,1,0
" -- magento/module-config",,1,0
" -- magento/module-user",,1,0

magento/module-cookie,2,1,1
" -- magento/module-store",,1,0
" -- magento/module-backend",,0,1

magento/module-elasticsearch,9,8,1
" -- magento/module-advanced-search",,1,0
" -- magento/module-catalog",,1,0
" -- magento/module-catalog-search",,1,0
" -- magento/module-customer",,1,0
" -- magento/module-eav",,1,0
" -- magento/module-search",,1,0
" -- magento/module-store",,1,0
" -- magento/module-catalog-inventory",,1,0
" -- magento/module-config",,0,1

magento/module-instant-purchase,7,7,0
" -- magento/module-store",,1,0
" -- magento/module-catalog",,1,0
" -- magento/module-customer",,1,0
" -- magento/module-sales",,1,0
" -- magento/module-shipping",,1,0
" -- magento/module-quote",,1,0
" -- magento/module-vault",,1,0

magento/module-login-as-customer,4,3,1
" -- magento/module-backend",,1,0
" -- magento/module-customer",,1,0
" -- magento/module-login-as-customer-api",,1,0
" -- magento/module-backend",,0,1

magento/module-sales-rule,20,19,1
" -- magento/module-backend",,1,0
" -- magento/module-catalog",,1,0
" -- magento/module-catalog-rule",,1,0
" -- magento/module-config",,1,0
" -- magento/module-customer",,1,0
" -- magento/module-directory",,1,0
" -- magento/module-eav",,1,0
" -- magento/module-payment",,1,0
" -- magento/module-quote",,1,0
" -- magento/module-reports",,1,0
" -- magento/module-rule",,1,0
" -- magento/module-sales",,1,0
" -- magento/module-shipping",,1,0
" -- magento/module-store",,1,0
" -- magento/module-ui",,1,0
" -- magento/module-widget",,1,0
" -- magento/module-captcha",,1,0
" -- magento/module-checkout",,1,0
" -- magento/module-authorization",,1,0
" -- magento/module-sales-rule-sample-data",,0,1

magento/module-developer,2,2,0
" -- magento/module-config",,1,0
" -- magento/module-store",,1,0

magento/module-inventory-catalog,11,10,1
" -- magento/module-catalog",,1,0
" -- magento/module-catalog-inventory",,1,0
" -- magento/module-inventory-api",,1,0
" -- magento/module-inventory-catalog-api",,1,0
" -- magento/module-store",,1,0
" -- magento/module-inventory",,1,0
" -- magento/module-inventory-configuration-api",,1,0
" -- magento/module-inventory-indexer",,1,0
" -- magento/module-inventory-sales-api",,1,0
" -- magento/module-inventory-configuration",,1,0
" -- magento/module-inventory-reservations-api",,0,1

magento/module-inventory-catalog-frontend-ui,4,2,2
" -- magento/module-inventory-sales-api",,1,0
" -- magento/module-inventory-configuration-api",,1,0
" -- magento/module-inventory-catalog",,0,1
" -- magento/module-inventory-catalog-api",,0,1

magento/module-inventory-export-stock-api,1,1,0
" -- magento/module-inventory-sales-api",,1,0

magento/module-inventory-in-store-pickup-quote,6,6,0
" -- magento/module-inventory-in-store-pickup",,1,0
" -- magento/module-inventory-in-store-pickup-api",,1,0
" -- magento/module-quote",,1,0
" -- magento/module-inventory-in-store-pickup-shipping-api",,1,0
" -- magento/module-store",,1,0
" -- magento/module-inventory-sales-api",,1,0

magento/module-inventory-in-store-pickup-sales,6,6,0
" -- magento/module-inventory-in-store-pickup-sales-api",,1,0
" -- magento/module-inventory-in-store-pickup-api",,1,0
" -- magento/module-inventory-api",,1,0
" -- magento/module-sales",,1,0
" -- magento/module-store",,1,0
" -- magento/module-inventory-source-selection-api",,1,0

magento/module-inventory-low-quantity-notification,9,9,0
" -- magento/module-catalog",,1,0
" -- magento/module-eav",,1,0
" -- magento/module-catalog-inventory",,1,0
" -- magento/module-inventory",,1,0
" -- magento/module-inventory-api",,1,0
" -- magento/module-inventory-catalog-api",,1,0
" -- magento/module-inventory-configuration-api",,1,0
" -- magento/module-inventory-low-quantity-notification-api",,1,0
" -- magento/module-store",,1,0

magento/module-product-alert,6,5,1
" -- magento/module-backend",,1,0
" -- magento/module-catalog",,1,0
" -- magento/module-customer",,1,0
" -- magento/module-store",,1,0
" -- magento/module-theme",,1,0
" -- magento/module-config",,0,1

magento/module-bundle-import-export,6,6,0
" -- magento/module-bundle",,1,0
" -- magento/module-store",,1,0
" -- magento/module-catalog",,1,0
" -- magento/module-catalog-import-export",,1,0
" -- magento/module-eav",,1,0
" -- magento/module-import-export",,1,0

magento/module-media-gallery,2,2,0
" -- magento/module-media-gallery-api",,1,0
" -- magento/module-cms",,1,0

magento/module-media-gallery-ui,11,11,0
" -- magento/module-backend",,1,0
" -- magento/module-ui",,1,0
" -- magento/module-store",,1,0
" -- magento/module-media-gallery-ui-api",,1,0
" -- magento/module-media-gallery-api",,1,0
" -- magento/module-media-gallery-metadata-api",,1,0
" -- magento/module-media-gallery-synchronization-api",,1,0
" -- magento/module-media-content-api",,1,0
" -- magento/module-cms",,1,0
" -- magento/module-directory",,1,0
" -- magento/module-authorization",,1,0

magento/module-security,4,3,1
" -- magento/module-backend",,1,0
" -- magento/module-store",,1,0
" -- magento/module-user",,1,0
" -- magento/module-customer",,0,1

magento/module-checkout-agreements,4,4,0
" -- magento/module-backend",,1,0
" -- magento/module-checkout",,1,0
" -- magento/module-quote",,1,0
" -- magento/module-store",,1,0

magento/module-cms-graph-ql,6,3,3
" -- magento/module-cms",,1,0
" -- magento/module-widget",,1,0
" -- magento/module-store",,1,0
" -- magento/module-graph-ql",,0,1
" -- magento/module-graph-ql-cache",,0,1
" -- magento/module-store-graph-ql",,0,1

magento/module-downloadable-graph-ql,8,6,2
" -- magento/module-store",,1,0
" -- magento/module-catalog",,1,0
" -- magento/module-downloadable",,1,0
" -- magento/module-quote",,1,0
" -- magento/module-sales",,1,0
" -- magento/module-quote-graph-ql",,1,0
" -- magento/module-catalog-graph-ql",,0,1
" -- magento/module-sales-graph-ql",,0,1

magento/module-google-analytics,4,3,1
" -- magento/module-cookie",,1,0
" -- magento/module-sales",,1,0
" -- magento/module-store",,1,0
" -- magento/module-config",,0,1

magento/module-login-as-customer-assistance,6,5,1
" -- magento/module-backend",,1,0
" -- magento/module-customer",,1,0
" -- magento/module-store",,1,0
" -- magento/module-login-as-customer",,1,0
" -- magento/module-login-as-customer-api",,1,0
" -- magento/module-login-as-customer-admin-ui",,0,1

magento/module-login-as-customer-frontend-ui,3,3,0
" -- magento/module-login-as-customer-api",,1,0
" -- magento/module-customer",,1,0
" -- magento/module-store",,1,0

magento/module-paypal,18,17,1
" -- magento/module-authorization",,1,0
" -- magento/module-backend",,1,0
" -- magento/module-catalog",,1,0
" -- magento/module-checkout",,1,0
" -- magento/module-config",,1,0
" -- magento/module-customer",,1,0
" -- magento/module-directory",,1,0
" -- magento/module-eav",,1,0
" -- magento/module-instant-purchase",,1,0
" -- magento/module-payment",,1,0
" -- magento/module-quote",,1,0
" -- magento/module-sales",,1,0
" -- magento/module-store",,1,0
" -- magento/module-tax",,1,0
" -- magento/module-theme",,1,0
" -- magento/module-ui",,1,0
" -- magento/module-vault",,1,0
" -- magento/module-checkout-agreements",,0,1

magento/module-release-notification,4,3,1
" -- magento/module-user",,1,0
" -- magento/module-backend",,1,0
" -- magento/module-ui",,1,0
" -- magento/module-config",,0,1

magento/module-remote-storage,9,0,9
" -- magento/module-backend",,0,1
" -- magento/module-sitemap",,0,1
" -- magento/module-cms",,0,1
" -- magento/module-downloadable",,0,1
" -- magento/module-catalog",,0,1
" -- magento/module-media-storage",,0,1
" -- magento/module-import-export",,0,1
" -- magento/module-catalog-import-export",,0,1
" -- magento/module-downloadable-import-export",,0,1

magento/module-robots,2,1,1
" -- magento/module-store",,1,0
" -- magento/module-theme",,0,1

magento/module-sales-graph-ql,7,7,0
" -- magento/module-sales",,1,0
" -- magento/module-store",,1,0
" -- magento/module-catalog",,1,0
" -- magento/module-tax",,1,0
" -- magento/module-quote",,1,0
" -- magento/module-graph-ql",,1,0
" -- magento/module-shipping",,1,0

magento/module-send-friend,6,6,0
" -- magento/module-catalog",,1,0
" -- magento/module-customer",,1,0
" -- magento/module-store",,1,0
" -- magento/module-captcha",,1,0
" -- magento/module-authorization",,1,0
" -- magento/module-theme",,1,0

magento/module-swatches,12,10,2
" -- magento/module-backend",,1,0
" -- magento/module-catalog",,1,0
" -- magento/module-config",,1,0
" -- magento/module-configurable-product",,1,0
" -- magento/module-customer",,1,0
" -- magento/module-eav",,1,0
" -- magento/module-page-cache",,1,0
" -- magento/module-media-storage",,1,0
" -- magento/module-store",,1,0
" -- magento/module-theme",,1,0
" -- magento/module-layered-navigation",,0,1
" -- magento/module-swatches-sample-data",,0,1

magento/module-url-rewrite-graph-ql,2,1,1
" -- magento/module-url-rewrite",,1,0
" -- magento/module-graph-ql",,0,1

magento/module-weee,13,12,1
" -- magento/module-backend",,1,0
" -- magento/module-catalog",,1,0
" -- magento/module-checkout",,1,0
" -- magento/module-customer",,1,0
" -- magento/module-directory",,1,0
" -- magento/module-eav",,1,0
" -- magento/module-page-cache",,1,0
" -- magento/module-quote",,1,0
" -- magento/module-sales",,1,0
" -- magento/module-store",,1,0
" -- magento/module-tax",,1,0
" -- magento/module-ui",,1,0
" -- magento/module-bundle",,0,1

magento/module-adobe-stock-admin-ui,5,4,1
" -- magento/module-adobe-ims-api",,1,0
" -- magento/module-adobe-stock-client-api",,1,0
" -- magento/module-backend",,1,0
" -- magento/module-config",,1,0
" -- magento/module-cms",,0,1

magento/module-adobe-stock-asset,5,5,0
" -- magento/module-adobe-stock-asset-api",,1,0
" -- magento/module-adobe-stock-client-api",,1,0
" -- magento/module-media-gallery-api",,1,0
" -- magento/module-media-gallery",,1,0
" -- magento/module-config",,1,0

magento/module-adobe-stock-client,2,2,0
" -- magento/module-adobe-ims-api",,1,0
" -- magento/module-adobe-stock-client-api",,1,0

magento/module-adobe-stock-image,6,5,1
" -- magento/module-adobe-stock-client-api",,1,0
" -- magento/module-adobe-stock-asset-api",,1,0
" -- magento/module-adobe-stock-image-api",,1,0
" -- magento/module-media-gallery-api",,1,0
" -- magento/module-media-gallery-synchronization-api",,1,0
" -- magento/module-catalog",,0,1

magento/module-adobe-stock-image-admin-ui,10,9,1
" -- magento/module-adobe-ims",,1,0
" -- magento/module-adobe-ims-api",,1,0
" -- magento/module-adobe-stock-asset-api",,1,0
" -- magento/module-adobe-stock-image-api",,1,0
" -- magento/module-adobe-stock-client-api",,1,0
" -- magento/module-backend",,1,0
" -- magento/module-ui",,1,0
" -- magento/module-media-gallery-ui",,1,0
" -- magento/module-media-gallery-api",,1,0
" -- magento/module-cms",,0,1

magento/module-backup,3,3,0
" -- magento/module-backend",,1,0
" -- magento/module-cron",,1,0
" -- magento/module-store",,1,0

magento/module-cms-url-rewrite,3,3,0
" -- magento/module-cms",,1,0
" -- magento/module-store",,1,0
" -- magento/module-url-rewrite",,1,0

magento/module-inventory-advanced-checkout,4,3,1
" -- magento/module-store",,1,0
" -- magento/module-inventory-catalog-api",,1,0
" -- magento/module-inventory-sales-api",,1,0
" -- magento/module-advanced-checkout",,0,1

magento/module-inventory-bundle-import-export,2,2,0
" -- magento/module-bundle-import-export",,1,0
" -- magento/module-inventory-catalog-api",,1,0

magento/module-inventory-bundle-product,8,7,1
" -- magento/module-bundle",,1,0
" -- magento/module-catalog",,1,0
" -- magento/module-inventory-api",,1,0
" -- magento/module-inventory-catalog-api",,1,0
" -- magento/module-inventory-configuration-api",,1,0
" -- magento/module-inventory-sales-api",,1,0
" -- magento/module-store",,1,0
" -- magento/module-catalog-inventory",,0,1

magento/module-inventory-bundle-product-admin-ui,6,5,1
" -- magento/module-bundle",,1,0
" -- magento/module-catalog",,1,0
" -- magento/module-ui",,1,0
" -- magento/module-inventory-catalog-api",,1,0
" -- magento/module-inventory-catalog-admin-ui",,1,0
" -- magento/module-inventory-configuration-api",,0,1

magento/module-inventory-bundle-product-indexer,7,6,1
" -- magento/module-bundle",,1,0
" -- magento/module-catalog",,1,0
" -- magento/module-inventory-api",,1,0
" -- magento/module-inventory-catalog-api",,1,0
" -- magento/module-inventory-indexer",,1,0
" -- magento/module-inventory-multi-dimensional-indexer-api",,1,0
" -- magento/module-inventory",,0,1

magento/module-inventory-cache,3,2,1
" -- magento/module-inventory-catalog-api",,1,0
" -- magento/module-inventory-indexer",,1,0
" -- magento/module-catalog",,0,1

magento/module-inventory-catalog-search,1,0,1
" -- magento/module-catalog-search",,0,1

magento/module-inventory-configurable-product,8,8,0
" -- magento/module-catalog",,1,0
" -- magento/module-inventory-sales-api",,1,0
" -- magento/module-inventory-catalog-api",,1,0
" -- magento/module-inventory-indexer",,1,0
" -- magento/module-store",,1,0
" -- magento/module-catalog-inventory",,1,0
" -- magento/module-sales",,1,0
" -- magento/module-configurable-product",,1,0

magento/module-inventory-configurable-product-admin-ui,5,5,0
" -- magento/module-catalog",,1,0
" -- magento/module-configurable-product",,1,0
" -- magento/module-ui",,1,0
" -- magento/module-inventory-api",,1,0
" -- magento/module-inventory-catalog-api",,1,0

magento/module-inventory-configurable-product-frontend-ui,5,3,2
" -- magento/module-inventory-sales-api",,1,0
" -- magento/module-store",,1,0
" -- magento/module-configurable-product",,1,0
" -- magento/module-inventory-catalog",,0,1
" -- magento/module-inventory-configurable-product",,0,1

magento/module-inventory-configurable-product-indexer,6,5,1
" -- magento/module-catalog",,1,0
" -- magento/module-inventory-api",,1,0
" -- magento/module-inventory-catalog-api",,1,0
" -- magento/module-inventory-indexer",,1,0
" -- magento/module-inventory-multi-dimensional-indexer-api",,1,0
" -- magento/module-inventory",,0,1

magento/module-inventory-distance-based-source-selection,4,4,0
" -- magento/module-inventory-distance-based-source-selection-api",,1,0
" -- magento/module-inventory-source-selection-api",,1,0
" -- magento/module-inventory-api",,1,0
" -- magento/module-config",,1,0

magento/module-inventory-elasticsearch,6,6,0
" -- magento/module-catalog-inventory",,1,0
" -- magento/module-catalog-search",,1,0
" -- magento/module-inventory-catalog-api",,1,0
" -- magento/module-inventory-indexer",,1,0
" -- magento/module-inventory-sales-api",,1,0
" -- magento/module-store",,1,0

magento/module-inventory-export-stock,11,11,0
" -- magento/module-inventory-api",,1,0
" -- magento/module-inventory-export-stock-api",,1,0
" -- magento/module-inventory-sales-api",,1,0
" -- magento/module-inventory-sales",,1,0
" -- magento/module-catalog",,1,0
" -- magento/module-catalog-inventory",,1,0
" -- magento/module-inventory-indexer",,1,0
" -- magento/module-inventory-configuration",,1,0
" -- magento/module-inventory-configuration-api",,1,0
" -- magento/module-configurable-product",,1,0
" -- magento/module-grouped-product",,1,0

magento/module-inventory-graph-ql,4,4,0
" -- magento/module-catalog",,1,0
" -- magento/module-inventory-catalog",,1,0
" -- magento/module-inventory-configuration-api",,1,0
" -- magento/module-inventory-sales-api",,1,0

magento/module-inventory-grouped-product,4,1,3
" -- magento/module-grouped-product",,1,0
" -- magento/module-inventory-configuration-api",,0,1
" -- magento/module-inventory-catalog",,0,1
" -- magento/module-inventory-catalog-api",,0,1

magento/module-inventory-grouped-product-admin-ui,7,6,1
" -- magento/module-catalog",,1,0
" -- magento/module-grouped-product",,1,0
" -- magento/module-ui",,1,0
" -- magento/module-inventory-api",,1,0
" -- magento/module-inventory-catalog-api",,1,0
" -- magento/module-inventory-catalog-admin-ui",,1,0
" -- magento/module-inventory-configuration-api",,0,1

magento/module-inventory-grouped-product-indexer,7,6,1
" -- magento/module-catalog",,1,0
" -- magento/module-inventory-api",,1,0
" -- magento/module-inventory-catalog-api",,1,0
" -- magento/module-inventory-indexer",,1,0
" -- magento/module-inventory-multi-dimensional-indexer-api",,1,0
" -- magento/module-grouped-product",,1,0
" -- magento/module-inventory",,0,1

magento/module-inventory-import-export,7,6,1
" -- magento/module-eav",,1,0
" -- magento/module-import-export",,1,0
" -- magento/module-inventory-api",,1,0
" -- magento/module-inventory",,1,0
" -- magento/module-inventory-catalog-api",,1,0
" -- magento/module-store",,1,0
" -- magento/module-catalog-import-export",,0,1

magento/module-inventory-in-store-pickup-admin-ui,5,5,0
" -- magento/module-ui",,1,0
" -- magento/module-inventory-in-store-pickup-api",,1,0
" -- magento/module-inventory-admin-ui",,1,0
" -- magento/module-inventory-catalog-api",,1,0
" -- magento/module-inventory-api",,1,0

magento/module-inventory-in-store-pickup-frontend,5,5,0
" -- magento/module-checkout",,1,0
" -- magento/module-inventory-in-store-pickup-api",,1,0
" -- magento/module-inventory-in-store-pickup-sales-api",,1,0
" -- magento/module-inventory-in-store-pickup-shipping-api",,1,0
" -- magento/module-store",,1,0

magento/module-inventory-in-store-pickup-graph-ql,3,3,0
" -- magento/module-inventory-in-store-pickup-api",,1,0
" -- magento/module-inventory-api",,1,0
" -- magento/module-store",,1,0

magento/module-inventory-in-store-pickup-multishipping,3,3,0
" -- magento/module-inventory-in-store-pickup-shipping-api",,1,0
" -- magento/module-checkout",,1,0
" -- magento/module-quote",,1,0

magento/module-inventory-in-store-pickup-quote-graph-ql,3,3,0
" -- magento/module-quote-graph-ql",,1,0
" -- magento/module-quote",,1,0
" -- magento/module-graph-ql",,1,0

magento/module-inventory-in-store-pickup-sales-admin-ui,9,9,0
" -- magento/module-inventory-in-store-pickup-sales-api",,1,0
" -- magento/module-inventory-in-store-pickup-sales",,1,0
" -- magento/module-inventory-in-store-pickup-shipping-api",,1,0
" -- magento/module-inventory-in-store-pickup-quote",,1,0
" -- magento/module-inventory-sales-api",,1,0
" -- magento/module-inventory-api",,1,0
" -- magento/module-sales",,1,0
" -- magento/module-quote",,1,0
" -- magento/module-backend",,1,0

magento/module-inventory-in-store-pickup-shipping,6,6,0
" -- magento/module-inventory-in-store-pickup-shipping-api",,1,0
" -- magento/module-inventory-in-store-pickup-api",,1,0
" -- magento/module-inventory-sales-api",,1,0
" -- magento/module-quote",,1,0
" -- magento/module-store",,1,0
" -- magento/module-catalog",,1,0

magento/module-inventory-in-store-pickup-shipping-admin-ui,2,1,1
" -- magento/module-inventory-in-store-pickup-shipping-api",,1,0
" -- magento/module-shipping",,0,1

magento/module-inventory-in-store-pickup-webapi-extension,1,1,0
" -- magento/module-webapi",,1,0

magento/module-inventory-low-quantity-notification-admin-ui,9,9,0
" -- magento/module-catalog",,1,0
" -- magento/module-backend",,1,0
" -- magento/module-reports",,1,0
" -- magento/module-inventory-api",,1,0
" -- magento/module-inventory-catalog-api",,1,0
" -- magento/module-inventory-configuration-api",,1,0
" -- magento/module-inventory-low-quantity-notification-api",,1,0
" -- magento/module-inventory-low-quantity-notification",,1,0
" -- magento/module-ui",,1,0

magento/module-inventory-product-alert,7,6,1
" -- magento/module-catalog",,1,0
" -- magento/module-store",,1,0
" -- magento/module-backend",,1,0
" -- magento/module-product-alert",,1,0
" -- magento/module-inventory-api",,1,0
" -- magento/module-inventory-sales-api",,1,0
" -- magento/module-product-alert",,0,1

magento/module-inventory-requisition-list,4,3,1
" -- magento/module-catalog",,1,0
" -- magento/module-inventory-sales-api",,1,0
" -- magento/module-inventory-configuration-api",,1,0
" -- magento/module-requisition-list",,0,1

magento/module-inventory-reservation-cli,5,5,0
" -- magento/module-sales",,1,0
" -- magento/module-inventory-api",,1,0
" -- magento/module-inventory-reservations-api",,1,0
" -- magento/module-inventory-sales-api",,1,0
" -- magento/module-inventory-configuration-api",,1,0

magento/module-inventory-reservations,1,1,0
" -- magento/module-inventory-reservations-api",,1,0

magento/module-inventory-sales-admin-ui,10,10,0
" -- magento/module-backend",,1,0
" -- magento/module-catalog-inventory",,1,0
" -- magento/module-inventory-admin-ui",,1,0
" -- magento/module-inventory-api",,1,0
" -- magento/module-inventory-catalog-api",,1,0
" -- magento/module-inventory-sales-api",,1,0
" -- magento/module-inventory-configuration-api",,1,0
" -- magento/module-catalog",,1,0
" -- magento/module-store",,1,0
" -- magento/module-ui",,1,0

magento/module-inventory-sales-frontend-ui,4,4,0
" -- magento/module-catalog-inventory",,1,0
" -- magento/module-inventory-sales-api",,1,0
" -- magento/module-inventory-configuration-api",,1,0
" -- magento/module-inventory-catalog-frontend-ui",,1,0

magento/module-inventory-shipping,8,8,0
" -- magento/module-inventory-api",,1,0
" -- magento/module-inventory-catalog-api",,1,0
" -- magento/module-inventory-sales-api",,1,0
" -- magento/module-inventory-source-selection-api",,1,0
" -- magento/module-inventory-source-deduction-api",,1,0
" -- magento/module-sales",,1,0
" -- magento/module-shipping",,1,0
" -- magento/module-store",,1,0

magento/module-inventory-shipping-admin-ui,8,8,0
" -- magento/module-backend",,1,0
" -- magento/module-inventory-api",,1,0
" -- magento/module-inventory-configuration-api",,1,0
" -- magento/module-inventory-sales-api",,1,0
" -- magento/module-inventory-source-selection-api",,1,0
" -- magento/module-sales",,1,0
" -- magento/module-shipping",,1,0
" -- magento/module-ui",,1,0

magento/module-inventory-source-selection,2,2,0
" -- magento/module-inventory-source-selection-api",,1,0
" -- magento/module-inventory-api",,1,0

magento/module-inventory-swatches-frontend-ui,2,0,2
" -- magento/module-swatches",,0,1
" -- magento/module-inventory-configurable-product-frontend-ui",,0,1

magento/module-inventory-visual-merchandiser,7,6,1
" -- magento/module-catalog",,1,0
" -- magento/module-inventory",,1,0
" -- magento/module-inventory-catalog-api",,1,0
" -- magento/module-inventory-indexer",,1,0
" -- magento/module-inventory-sales-api",,1,0
" -- magento/module-store",,1,0
" -- magento/module-visual-merchandiser",,0,1

magento/module-inventory-wishlist,2,0,2
" -- magento/module-wishlist",,0,1
" -- magento/module-inventory",,0,1

magento/module-re-captcha-admin-ui,3,3,0
" -- magento/module-config",,1,0
" -- magento/module-re-captcha-ui",,1,0
" -- magento/module-store",,1,0

magento/module-re-captcha-checkout,2,2,0
" -- magento/module-checkout",,1,0
" -- magento/module-re-captcha-ui",,1,0

magento/module-re-captcha-contact,1,1,0
" -- magento/module-re-captcha-ui",,1,0

magento/module-re-captcha-customer,3,3,0
" -- magento/module-customer",,1,0
" -- magento/module-re-captcha-ui",,1,0
" -- magento/module-re-captcha-validation-api",,1,0

magento/module-re-captcha-frontend-ui,2,2,0
" -- magento/module-store",,1,0
" -- magento/module-re-captcha-ui",,1,0

magento/module-re-captcha-migration,1,1,0
" -- magento/module-config",,1,0

magento/module-re-captcha-newsletter,1,1,0
" -- magento/module-re-captcha-ui",,1,0

magento/module-re-captcha-paypal,3,3,0
" -- magento/module-re-captcha-ui",,1,0
" -- magento/module-re-captcha-validation-api",,1,0
" -- magento/module-checkout",,1,0

magento/module-re-captcha-review,1,1,0
" -- magento/module-re-captcha-ui",,1,0

magento/module-re-captcha-send-friend,1,1,0
" -- magento/module-re-captcha-ui",,1,0

magento/module-re-captcha-user,2,2,0
" -- magento/module-re-captcha-ui",,1,0
" -- magento/module-re-captcha-validation-api",,1,0

magento/module-re-captcha-validation,1,1,0
" -- magento/module-re-captcha-validation-api",,1,0

magento/module-re-captcha-version-2-checkbox,5,3,2
" -- magento/module-store",,1,0
" -- magento/module-re-captcha-ui",,1,0
" -- magento/module-re-captcha-validation-api",,1,0
" -- magento/module-config",,0,1
" -- magento/module-re-captcha-admin-ui",,0,1

magento/module-re-captcha-version-2-invisible,5,3,2
" -- magento/module-store",,1,0
" -- magento/module-re-captcha-ui",,1,0
" -- magento/module-re-captcha-validation-api",,1,0
" -- magento/module-config",,0,1
" -- magento/module-re-captcha-admin-ui",,0,1

magento/module-re-captcha-version-3-invisible,5,3,2
" -- magento/module-store",,1,0
" -- magento/module-re-captcha-ui",,1,0
" -- magento/module-re-captcha-validation-api",,1,0
" -- magento/module-config",,0,1
" -- magento/module-re-captcha-admin-ui",,0,1

magento/module-securitytxt,2,2,0
" -- magento/module-config",,1,0
" -- magento/module-store",,1,0

magento/module-translation,5,4,1
" -- magento/module-backend",,1,0
" -- magento/module-developer",,1,0
" -- magento/module-store",,1,0
" -- magento/module-theme",,1,0
" -- magento/module-deploy",,0,1

magento/module-two-factor-auth,7,7,0
" -- magento/module-backend",,1,0
" -- magento/module-authorization",,1,0
" -- magento/module-config",,1,0
" -- magento/module-store",,1,0
" -- magento/module-ui",,1,0
" -- magento/module-user",,1,0
" -- magento/module-integration",,1,0

magento/google-shopping-ads,1,1,0
" -- magento/module-eav",,1,0

magento/module-admin-analytics,5,5,0
" -- magento/module-backend",,1,0
" -- magento/module-config",,1,0
" -- magento/module-store",,1,0
" -- magento/module-ui",,1,0
" -- magento/module-release-notification",,1,0

magento/module-admin-notification,5,5,0
" -- magento/module-backend",,1,0
" -- magento/module-media-storage",,1,0
" -- magento/module-store",,1,0
" -- magento/module-ui",,1,0
" -- magento/module-config",,1,0

magento/module-advanced-pricing-import-export,7,7,0
" -- magento/module-catalog",,1,0
" -- magento/module-catalog-import-export",,1,0
" -- magento/module-catalog-inventory",,1,0
" -- magento/module-customer",,1,0
" -- magento/module-eav",,1,0
" -- magento/module-import-export",,1,0
" -- magento/module-store",,1,0

magento/module-amqp-store,2,1,1
" -- magento/module-store",,1,0
" -- magento/module-asynchronous-operations",,0,1

magento/module-aws-s3,1,1,0
" -- magento/module-remote-storage",,1,0

magento/module-bundle-graph-ql,8,8,0
" -- magento/module-catalog",,1,0
" -- magento/module-bundle",,1,0
" -- magento/module-catalog-graph-ql",,1,0
" -- magento/module-quote",,1,0
" -- magento/module-quote-graph-ql",,1,0
" -- magento/module-store",,1,0
" -- magento/module-sales",,1,0
" -- magento/module-sales-graph-ql",,1,0

magento/module-cache-invalidate,1,1,0
" -- magento/module-page-cache",,1,0

magento/module-cardinal-commerce,3,3,0
" -- magento/module-checkout",,1,0
" -- magento/module-payment",,1,0
" -- magento/module-store",,1,0

magento/module-catalog-analytics,2,2,0
" -- magento/module-catalog",,1,0
" -- magento/module-analytics",,1,0

magento/module-catalog-cms-graph-ql,5,2,3
" -- magento/module-catalog",,1,0
" -- magento/module-cms-graph-ql",,1,0
" -- magento/module-graph-ql",,0,1
" -- magento/module-cms",,0,1
" -- magento/module-catalog-graph-ql",,0,1

magento/module-catalog-customer-graph-ql,4,4,0
" -- magento/module-catalog",,1,0
" -- magento/module-customer",,1,0
" -- magento/module-catalog-graph-ql",,1,0
" -- magento/module-store",,1,0

magento/module-catalog-inventory-graph-ql,3,3,0
" -- magento/module-store",,1,0
" -- magento/module-catalog",,1,0
" -- magento/module-catalog-inventory",,1,0

magento/module-catalog-rule-configurable,4,3,1
" -- magento/module-catalog",,1,0
" -- magento/module-catalog-rule",,1,0
" -- magento/module-configurable-product",,1,0
" -- magento/module-catalog-rule",,0,1

magento/module-catalog-rule-graph-ql,1,0,1
" -- magento/module-catalog-rule",,0,1

magento/module-catalog-url-rewrite-graph-ql,5,2,3
" -- magento/module-store",,1,0
" -- magento/module-catalog",,1,0
" -- magento/module-catalog-url-rewrite",,0,1
" -- magento/module-catalog-graph-ql",,0,1
" -- magento/module-url-rewrite-graph-ql",,0,1

magento/module-catalog-widget,9,9,0
" -- magento/module-backend",,1,0
" -- magento/module-catalog",,1,0
" -- magento/module-customer",,1,0
" -- magento/module-eav",,1,0
" -- magento/module-rule",,1,0
" -- magento/module-store",,1,0
" -- magento/module-widget",,1,0
" -- magento/module-wishlist",,1,0
" -- magento/module-theme",,1,0

magento/module-checkout-agreements-graph-ql,3,2,1
" -- magento/module-store",,1,0
" -- magento/module-checkout-agreements",,1,0
" -- magento/module-graph-ql",,0,1

magento/module-cms-url-rewrite-graph-ql,5,3,2
" -- magento/module-cms",,1,0
" -- magento/module-store",,1,0
" -- magento/module-url-rewrite-graph-ql",,1,0
" -- magento/module-cms-url-rewrite",,0,1
" -- magento/module-catalog-graph-ql",,0,1

magento/module-compare-list-graph-ql,2,2,0
" -- magento/module-catalog",,1,0
" -- magento/module-customer",,1,0

magento/module-configurable-import-export,6,6,0
" -- magento/module-catalog",,1,0
" -- magento/module-catalog-import-export",,1,0
" -- magento/module-configurable-product",,1,0
" -- magento/module-eav",,1,0
" -- magento/module-import-export",,1,0
" -- magento/module-store",,1,0

magento/module-configurable-product-graph-ql,7,7,0
" -- magento/module-catalog",,1,0
" -- magento/module-configurable-product",,1,0
" -- magento/module-graph-ql",,1,0
" -- magento/module-catalog-graph-ql",,1,0
" -- magento/module-quote",,1,0
" -- magento/module-quote-graph-ql",,1,0
" -- magento/module-catalog-inventory",,1,0

magento/module-configurable-product-sales,4,3,1
" -- magento/module-catalog",,1,0
" -- magento/module-sales",,1,0
" -- magento/module-store",,1,0
" -- magento/module-configurable-product",,0,1

magento/module-csp,1,1,0
" -- magento/module-store",,1,0

magento/module-currency-symbol,5,5,0
" -- magento/module-backend",,1,0
" -- magento/module-config",,1,0
" -- magento/module-directory",,1,0
" -- magento/module-page-cache",,1,0
" -- magento/module-store",,1,0

magento/module-customer-analytics,2,2,0
" -- magento/module-customer",,1,0
" -- magento/module-analytics",,1,0

magento/module-customer-downloadable-graph-ql,3,2,1
" -- magento/module-downloadable-graph-ql",,1,0
" -- magento/module-graph-ql",,1,0
" -- magento/module-catalog-graph-ql",,0,1

magento/module-customer-import-export,6,6,0
" -- magento/module-backend",,1,0
" -- magento/module-customer",,1,0
" -- magento/module-directory",,1,0
" -- magento/module-eav",,1,0
" -- magento/module-import-export",,1,0
" -- magento/module-store",,1,0

magento/module-dhl,10,9,1
" -- magento/module-backend",,1,0
" -- magento/module-catalog",,1,0
" -- magento/module-catalog-inventory",,1,0
" -- magento/module-config",,1,0
" -- magento/module-directory",,1,0
" -- magento/module-quote",,1,0
" -- magento/module-sales",,1,0
" -- magento/module-shipping",,1,0
" -- magento/module-store",,1,0
" -- magento/module-checkout",,0,1

magento/module-directory-graph-ql,3,3,0
" -- magento/module-directory",,1,0
" -- magento/module-store",,1,0
" -- magento/module-graph-ql",,1,0

magento/module-downloadable-import-export,6,6,0
" -- magento/module-catalog",,1,0
" -- magento/module-catalog-import-export",,1,0
" -- magento/module-downloadable",,1,0
" -- magento/module-eav",,1,0
" -- magento/module-import-export",,1,0
" -- magento/module-store",,1,0

magento/module-elasticsearch-6,5,4,1
" -- magento/module-advanced-search",,1,0
" -- magento/module-catalog-search",,1,0
" -- magento/module-search",,1,0
" -- magento/module-elasticsearch",,1,0
" -- magento/module-config",,0,1

magento/module-elasticsearch-7,5,3,2
" -- magento/module-elasticsearch",,1,0
" -- magento/module-advanced-search",,1,0
" -- magento/module-catalog-search",,1,0
" -- magento/module-config",,0,1
" -- magento/module-search",,0,1

magento/module-encryption-key,2,2,0
" -- magento/module-backend",,1,0
" -- magento/module-config",,1,0

magento/module-fedex,8,8,0
" -- magento/module-catalog",,1,0
" -- magento/module-catalog-inventory",,1,0
" -- magento/module-config",,1,0
" -- magento/module-directory",,1,0
" -- magento/module-quote",,1,0
" -- magento/module-sales",,1,0
" -- magento/module-shipping",,1,0
" -- magento/module-store",,1,0

magento/module-gift-message-graph-ql,2,1,1
" -- magento/module-gift-message",,1,0
" -- magento/module-graph-ql",,0,1

magento/module-google-adwords,2,2,0
" -- magento/module-sales",,1,0
" -- magento/module-store",,1,0

magento/module-google-optimizer,6,6,0
" -- magento/module-backend",,1,0
" -- magento/module-catalog",,1,0
" -- magento/module-cms",,1,0
" -- magento/module-google-analytics",,1,0
" -- magento/module-store",,1,0
" -- magento/module-ui",,1,0

magento/module-graph-ql-cache,2,2,0
" -- magento/module-page-cache",,1,0
" -- magento/module-graph-ql",,1,0

magento/module-grouped-catalog-inventory,3,3,0
" -- magento/module-catalog",,1,0
" -- magento/module-catalog-inventory",,1,0
" -- magento/module-grouped-product",,1,0

magento/module-grouped-import-export,5,5,0
" -- magento/module-catalog",,1,0
" -- magento/module-catalog-import-export",,1,0
" -- magento/module-eav",,1,0
" -- magento/module-grouped-product",,1,0
" -- magento/module-import-export",,1,0

magento/module-grouped-product-graph-ql,3,3,0
" -- magento/module-grouped-product",,1,0
" -- magento/module-catalog",,1,0
" -- magento/module-catalog-graph-ql",,1,0

magento/module-layered-navigation,2,2,0
" -- magento/module-catalog",,1,0
" -- magento/module-config",,1,0

magento/module-login-as-customer-admin-ui,7,6,1
" -- magento/module-login-as-customer-api",,1,0
" -- magento/module-login-as-customer-frontend-ui",,1,0
" -- magento/module-backend",,1,0
" -- magento/module-customer",,1,0
" -- magento/module-sales",,1,0
" -- magento/module-store",,1,0
" -- magento/module-login-as-customer",,0,1

magento/module-login-as-customer-graph-ql,6,5,1
" -- magento/module-login-as-customer-api",,1,0
" -- magento/module-login-as-customer-assistance",,1,0
" -- magento/module-integration",,1,0
" -- magento/module-store",,1,0
" -- magento/module-customer",,1,0
" -- magento/module-login-as-customer",,0,1

magento/module-login-as-customer-log,6,5,1
" -- magento/module-backend",,1,0
" -- magento/module-customer",,1,0
" -- magento/module-login-as-customer-api",,1,0
" -- magento/module-ui",,1,0
" -- magento/module-user",,1,0
" -- magento/module-login-as-customer",,0,1

magento/module-login-as-customer-page-cache,3,2,1
" -- magento/module-store",,1,0
" -- magento/module-login-as-customer-api",,1,0
" -- magento/module-page-cache",,0,1

magento/module-login-as-customer-quote,4,3,1
" -- magento/module-checkout",,1,0
" -- magento/module-customer",,1,0
" -- magento/module-quote",,1,0
" -- magento/module-login-as-customer-api",,0,1

magento/module-login-as-customer-sales,4,3,1
" -- magento/module-backend",,1,0
" -- magento/module-user",,1,0
" -- magento/module-login-as-customer-api",,1,0
" -- magento/module-sales",,0,1

magento/module-marketplace,1,1,0
" -- magento/module-backend",,1,0

magento/module-media-content,2,2,0
" -- magento/module-media-content-api",,1,0
" -- magento/module-media-gallery-api",,1,0

magento/module-media-content-catalog,4,4,0
" -- magento/module-media-content-api",,1,0
" -- magento/module-catalog",,1,0
" -- magento/module-eav",,1,0
" -- magento/module-store",,1,0

magento/module-media-content-cms,2,2,0
" -- magento/module-media-content-api",,1,0
" -- magento/module-cms",,1,0

magento/module-media-content-synchronization,4,3,1
" -- magento/module-media-content-synchronization-api",,1,0
" -- magento/module-media-content-api",,1,0
" -- magento/module-asynchronous-operations",,1,0
" -- magento/module-media-gallery-synchronization",,0,1

magento/module-media-content-synchronization-catalog,3,3,0
" -- magento/module-media-content-synchronization-api",,1,0
" -- magento/module-media-gallery-synchronization-api",,1,0
" -- magento/module-media-content-api",,1,0

magento/module-media-content-synchronization-cms,3,3,0
" -- magento/module-media-content-synchronization-api",,1,0
" -- magento/module-media-gallery-synchronization-api",,1,0
" -- magento/module-media-content-api",,1,0

magento/module-media-gallery-catalog,2,2,0
" -- magento/module-media-gallery-api",,1,0
" -- magento/module-catalog",,1,0

magento/module-media-gallery-catalog-integration,5,4,1
" -- magento/module-cms",,1,0
" -- magento/module-media-gallery-api",,1,0
" -- magento/module-media-gallery-synchronization-api",,1,0
" -- magento/module-media-gallery-ui-api",,1,0
" -- magento/module-catalog",,0,1

magento/module-media-gallery-catalog-ui,5,5,0
" -- magento/module-cms",,1,0
" -- magento/module-backend",,1,0
" -- magento/module-catalog",,1,0
" -- magento/module-store",,1,0
" -- magento/module-ui",,1,0

magento/module-media-gallery-cms-ui,2,2,0
" -- magento/module-cms",,1,0
" -- magento/module-backend",,1,0

magento/module-media-gallery-integration,6,4,2
" -- magento/module-media-gallery-ui-api",,1,0
" -- magento/module-media-gallery-api",,1,0
" -- magento/module-media-gallery-synchronization-api",,1,0
" -- magento/module-ui",,1,0
" -- magento/module-catalog",,0,1
" -- magento/module-cms",,0,1

magento/module-media-gallery-metadata,1,1,0
" -- magento/module-media-gallery-metadata-api",,1,0

magento/module-media-gallery-renditions,4,3,1
" -- magento/module-media-gallery-renditions-api",,1,0
" -- magento/module-media-gallery-api",,1,0
" -- magento/module-cms",,1,0
" -- magento/module-media-content-api",,0,1

magento/module-media-gallery-synchronization,2,2,0
" -- magento/module-media-gallery-api",,1,0
" -- magento/module-media-gallery-synchronization-api",,1,0

magento/module-media-gallery-synchronization-metadata,3,3,0
" -- magento/module-media-gallery-api",,1,0
" -- magento/module-media-gallery-metadata-api",,1,0
" -- magento/module-media-gallery-synchronization-api",,1,0

magento/module-msrp-configurable-product,3,3,0
" -- magento/module-catalog",,1,0
" -- magento/module-msrp",,1,0
" -- magento/module-configurable-product",,1,0

magento/module-msrp-grouped-product,3,3,0
" -- magento/module-catalog",,1,0
" -- magento/module-msrp",,1,0
" -- magento/module-grouped-product",,1,0

magento/module-multishipping,10,10,0
" -- magento/module-checkout",,1,0
" -- magento/module-customer",,1,0
" -- magento/module-directory",,1,0
" -- magento/module-payment",,1,0
" -- magento/module-quote",,1,0
" -- magento/module-sales",,1,0
" -- magento/module-store",,1,0
" -- magento/module-tax",,1,0
" -- magento/module-theme",,1,0
" -- magento/module-captcha",,1,0

magento/module-mysql-mq,1,1,0
" -- magento/module-store",,1,0

magento/module-new-relic-reporting,6,6,0
" -- magento/module-backend",,1,0
" -- magento/module-catalog",,1,0
" -- magento/module-config",,1,0
" -- magento/module-configurable-product",,1,0
" -- magento/module-customer",,1,0
" -- magento/module-store",,1,0

magento/module-newsletter-graph-ql,4,3,1
" -- magento/module-customer",,1,0
" -- magento/module-newsletter",,1,0
" -- magento/module-store",,1,0
" -- magento/module-graph-ql",,0,1

magento/module-offline-payments,4,3,1
" -- magento/module-checkout",,1,0
" -- magento/module-payment",,1,0
" -- magento/module-quote",,1,0
" -- magento/module-config",,0,1

magento/module-offline-shipping,11,9,2
" -- magento/module-backend",,1,0
" -- magento/module-catalog",,1,0
" -- magento/module-config",,1,0
" -- magento/module-directory",,1,0
" -- magento/module-quote",,1,0
" -- magento/module-sales",,1,0
" -- magento/module-sales-rule",,1,0
" -- magento/module-shipping",,1,0
" -- magento/module-store",,1,0
" -- magento/module-checkout",,0,1
" -- magento/module-offline-shipping-sample-data",,0,1

magento/module-paypal-captcha,4,3,1
" -- magento/module-captcha",,1,0
" -- magento/module-checkout",,1,0
" -- magento/module-store",,1,0
" -- magento/module-paypal",,0,1

magento/module-paypal-graph-ql,10,8,2
" -- magento/module-quote",,1,0
" -- magento/module-checkout",,1,0
" -- magento/module-paypal",,1,0
" -- magento/module-quote-graph-ql",,1,0
" -- magento/module-sales",,1,0
" -- magento/module-payment",,1,0
" -- magento/module-store",,1,0
" -- magento/module-vault",,1,0
" -- magento/module-graph-ql",,0,1
" -- magento/module-store-graph-ql",,0,1

magento/module-persistent,6,6,0
" -- magento/module-checkout",,1,0
" -- magento/module-cron",,1,0
" -- magento/module-customer",,1,0
" -- magento/module-page-cache",,1,0
" -- magento/module-quote",,1,0
" -- magento/module-store",,1,0

magento/module-product-video,7,5,2
" -- magento/module-backend",,1,0
" -- magento/module-catalog",,1,0
" -- magento/module-eav",,1,0
" -- magento/module-media-storage",,1,0
" -- magento/module-store",,1,0
" -- magento/module-customer",,0,1
" -- magento/module-config",,0,1

magento/module-quote-analytics,2,2,0
" -- magento/module-quote",,1,0
" -- magento/module-analytics",,1,0

magento/module-quote-bundle-options,1,1,0
" -- magento/module-quote",,1,0

magento/module-quote-configurable-options,1,1,0
" -- magento/module-quote",,1,0

magento/module-quote-downloadable-links,1,1,0
" -- magento/module-quote",,1,0

magento/module-related-product-graph-ql,3,2,1
" -- magento/module-catalog",,1,0
" -- magento/module-catalog-graph-ql",,1,0
" -- magento/module-graph-ql",,0,1

magento/module-review-analytics,2,2,0
" -- magento/module-review",,1,0
" -- magento/module-analytics",,1,0

magento/module-review-graph-ql,5,3,2
" -- magento/module-catalog",,1,0
" -- magento/module-review",,1,0
" -- magento/module-store",,1,0
" -- magento/module-graph-ql",,0,1
" -- magento/module-graph-ql-cache",,0,1

magento/module-sales-analytics,2,2,0
" -- magento/module-sales",,1,0
" -- magento/module-analytics",,1,0

magento/module-send-friend-graph-ql,3,3,0
" -- magento/module-catalog",,1,0
" -- magento/module-send-friend",,1,0
" -- magento/module-graph-ql",,1,0

magento/module-sitemap,10,9,1
" -- magento/module-backend",,1,0
" -- magento/module-catalog",,1,0
" -- magento/module-catalog-url-rewrite",,1,0
" -- magento/module-cms",,1,0
" -- magento/module-config",,1,0
" -- magento/module-eav",,1,0
" -- magento/module-media-storage",,1,0
" -- magento/module-robots",,1,0
" -- magento/module-store",,1,0
" -- magento/module-config",,0,1

magento/module-store-graph-ql,2,2,0
" -- magento/module-store",,1,0
" -- magento/module-graph-ql",,1,0

magento/module-swagger-webapi,1,1,0
" -- magento/module-swagger",,1,0

magento/module-swagger-webapi-async,2,1,1
" -- magento/module-swagger",,1,0
" -- magento/module-config",,0,1

magento/module-swatches-graph-ql,3,3,0
" -- magento/module-swatches",,1,0
" -- magento/module-catalog",,1,0
" -- magento/module-catalog-graph-ql",,1,0

magento/module-tax-graph-ql,2,0,2
" -- magento/module-tax",,0,1
" -- magento/module-catalog-graph-ql",,0,1

magento/module-tax-import-export,5,5,0
" -- magento/module-backend",,1,0
" -- magento/module-directory",,1,0
" -- magento/module-store",,1,0
" -- magento/module-tax",,1,0
" -- magento/module-ui",,1,0

magento/module-theme-graph-ql,1,0,1
" -- magento/module-store-graph-ql",,0,1

magento/module-tinymce-3,5,4,1
" -- magento/module-backend",,1,0
" -- magento/module-ui",,1,0
" -- magento/module-variable",,1,0
" -- magento/module-widget",,1,0
" -- magento/module-cms",,0,1

magento/module-ups,8,7,1
" -- magento/module-backend",,1,0
" -- magento/module-catalog-inventory",,1,0
" -- magento/module-directory",,1,0
" -- magento/module-quote",,1,0
" -- magento/module-sales",,1,0
" -- magento/module-shipping",,1,0
" -- magento/module-store",,1,0
" -- magento/module-config",,0,1

magento/module-usps,8,8,0
" -- magento/module-catalog",,1,0
" -- magento/module-catalog-inventory",,1,0
" -- magento/module-config",,1,0
" -- magento/module-directory",,1,0
" -- magento/module-quote",,1,0
" -- magento/module-sales",,1,0
" -- magento/module-shipping",,1,0
" -- magento/module-store",,1,0

magento/module-vault-graph-ql,2,2,0
" -- magento/module-vault",,1,0
" -- magento/module-graph-ql",,1,0

magento/module-webapi-async,4,2,2
" -- magento/module-webapi",,1,0
" -- magento/module-asynchronous-operations",,1,0
" -- magento/module-user",,0,1
" -- magento/module-customer",,0,1

magento/module-webapi-security,1,1,0
" -- magento/module-webapi",,1,0

magento/module-weee-graph-ql,4,3,1
" -- magento/module-store",,1,0
" -- magento/module-tax",,1,0
" -- magento/module-weee",,1,0
" -- magento/module-catalog-graph-ql",,0,1

magento/module-wishlist-analytics,2,2,0
" -- magento/module-wishlist",,1,0
" -- magento/module-analytics",,1,0

magento/module-wishlist-graph-ql,4,4,0
" -- magento/module-catalog",,1,0
" -- magento/module-catalog-graph-ql",,1,0
" -- magento/module-wishlist",,1,0
" -- magento/module-store",,1,0

mageplaza/module-ajax-layered-navigation,1,1,0
" -- mageplaza/module-core",,1,0

mageplaza/module-better-maintenance,1,1,0
" -- mageplaza/module-core",,1,0

mageplaza/module-countdown-timer,1,1,0
" -- mageplaza/module-core",,1,0

mageplaza/module-cron-schedule,1,1,0
" -- mageplaza/module-core",,1,0

mageplaza/module-custom-form,1,1,0
" -- mageplaza/module-core",,1,0

mageplaza/layered-navigation-m2,1,1,0
" -- mageplaza/module-ajax-layered-navigation",,1,0

mageplaza/layered-navigation-m2-pro,1,1,0
" -- mageplaza/module-seo-url",,1,0

mageplaza/layered-navigation-m2-ultimate,1,1,0
" -- mageplaza/module-search",,1,0

mageplaza/module-product-labels,1,1,0
" -- mageplaza/module-core",,1,0

mageplaza/module-search,1,1,0
" -- mageplaza/module-core",,1,0

mageplaza/magento-2-shop-by-brand,1,1,0
" -- mageplaza/module-core",,1,0

mageplaza/module-sitemap,1,1,0
" -- mageplaza/module-core",,1,0

mageplaza/module-smtp,1,1,0
" -- mageplaza/module-core",,1,0

mageplaza/module-seo-url,1,1,0
" -- mageplaza/module-core",,1,0

mageplaza/magento-2-seo-extension,1,1,0
" -- mageplaza/module-core",,1,0

maas/module-attribute-group-schema,1,1,0
" -- magento/module-eav",,1,0

maas/module-catalog,7,7,0
" -- magento/module-authorization",,1,0
" -- magento/module-backend",,1,0
" -- magento/module-catalog",,1,0
" -- magento/module-ui",,1,0
" -- magento/module-config",,1,0
" -- magento/module-eav",,1,0
" -- maas/module-core",,1,0

maas/module-catalog-rule,1,1,0
" -- maas/module-core",,1,0

maas/module-checkout,1,1,0
" -- maas/module-core",,1,0

maas/module-core,3,3,0
" -- magento/module-authorization",,1,0
" -- magento/module-backend",,1,0
" -- magento/module-config",,1,0

maas/module-database-import,5,5,0
" -- maas/module-core",,1,0
" -- maas/module-log",,1,0
" -- maas/module-importexport",,1,0
" -- maas/module-offer",,1,0
" -- maas/module-seller",,1,0

maas/module-dataset,3,3,0
" -- maas/module-core",,1,0
" -- maas/module-log",,1,0
" -- maas/module-importexport",,1,0

maas/module-fixture,6,6,0
" -- maas/module-core",,1,0
" -- maas/module-seller",,1,0
" -- maas/module-offer",,1,0
" -- maas/module-sales",,1,0
" -- maas/module-grc",,1,0
" -- maas/module-importexport",,1,0

maas/module-grc,5,5,0
" -- maas/module-core",,1,0
" -- maas/module-log",,1,0
" -- maas/module-sales",,1,0
" -- maas/module-importexport",,1,0
" -- magento/module-catalog",,1,0

maas/module-importexport,4,4,0
" -- maas/module-core",,1,0
" -- maas/module-sales",,1,0
" -- maas/module-log",,1,0
" -- maas/module-shipping",,1,0

maas/international-telephone-input,1,1,0
" -- maas/module-core",,1,0

maas/module-log,1,1,0
" -- maas/module-core",,1,0

maas/module-offer,2,2,0
" -- maas/module-core",,1,0
" -- maas/module-seller",,1,0

maas/module-payment,3,3,0
" -- magento/module-sales",,1,0
" -- magento/module-checkout",,1,0
" -- maas/module-sales",,1,0

maas/module-sales,3,3,0
" -- magento/module-sales",,1,0
" -- maas/module-offer",,1,0
" -- maas/module-seller",,1,0

maas/module-seller,1,1,0
" -- maas/module-core",,1,0

maas/module-shipping,5,5,0
" -- maas/module-core",,1,0
" -- maas/module-sales",,1,0
" -- magento/module-sales",,1,0
" -- magento/module-shipping",,1,0
" -- magento/module-config",,1,0

magezon/module-pagebuilder,3,3,0
" -- magezon/module-core",,1,0
" -- magezon/module-builder",,1,0
" -- magezon/module-newsletter",,1,0

magezon/module-scroll-to-top,1,1,0
" -- magezon/module-core",,1,0
